-- use hverdagshelt_dev to test script
-- use hverdagshelt to change demo DB
-- remove use when done editing

-- USE hverdagshelt;

INSERT INTO user_category (id, category_name) VALUES (DEFAULT,'Privat bruker');
INSERT INTO user_category (id, category_name) VALUES (DEFAULT,'Administrator');
INSERT INTO user_category (id, category_name) VALUES (DEFAULT,'Kommunal bruker');
INSERT INTO user_category (id, category_name) VALUES (DEFAULT,'Bedriftsbruker');

INSERT INTO municipality(id,municipality_name,longitude,latitude) VALUES (DEFAULT, 'TRONDHEIM',0,0);
INSERT INTO municipality(id,municipality_name,longitude,latitude) VALUES (DEFAULT, 'OSLO',0,0);
INSERT INTO municipality(id,municipality_name,longitude,latitude) VALUES (DEFAULT, 'BÆRUM',0,0);
INSERT INTO municipality(id,municipality_name,longitude,latitude) VALUES (DEFAULT, 'ASKER',0,0);
INSERT INTO municipality(id,municipality_name,longitude,latitude) VALUES (DEFAULT, 'SKI',0,0);
INSERT INTO municipality(id,municipality_name,longitude,latitude) VALUES (DEFAULT, 'ÅS',0,0);
INSERT INTO municipality(id,municipality_name,longitude,latitude) VALUES (DEFAULT, 'OPPEGÅRD',0,0);
INSERT INTO municipality(id,municipality_name,longitude,latitude) VALUES (DEFAULT, 'FROGN',0,0);
INSERT INTO municipality(id,municipality_name,longitude,latitude) VALUES (DEFAULT, 'NESODDEN',0,0);
INSERT INTO municipality(id,municipality_name,longitude,latitude) VALUES (DEFAULT, 'SKEDSMO',0,0);
INSERT INTO municipality(id,municipality_name,longitude,latitude) VALUES (DEFAULT, 'LØRENSKOG',0,0);
INSERT INTO municipality(id,municipality_name,longitude,latitude) VALUES (DEFAULT, 'NITTEDAL',0,0);
INSERT INTO municipality(id,municipality_name,longitude,latitude) VALUES (DEFAULT, 'MOSS',0,0);
INSERT INTO municipality(id,municipality_name,longitude,latitude) VALUES (DEFAULT, 'RYGGE',0,0);
INSERT INTO municipality(id,municipality_name,longitude,latitude) VALUES (DEFAULT, 'VESTBY',0,0);
INSERT INTO municipality(id,municipality_name,longitude,latitude) VALUES (DEFAULT, 'VÅLER (ØSTFOLD)',0,0);
INSERT INTO municipality(id,municipality_name,longitude,latitude) VALUES (DEFAULT, 'FREDRIKSTAD',0,0);
INSERT INTO municipality(id,municipality_name,longitude,latitude) VALUES (DEFAULT, 'RÅDE',0,0);
INSERT INTO municipality(id,municipality_name,longitude,latitude) VALUES (DEFAULT, 'HVALER',0,0);
INSERT INTO municipality(id,municipality_name,longitude,latitude) VALUES (DEFAULT, 'SARPSBORG',0,0);
INSERT INTO municipality(id,municipality_name,longitude,latitude) VALUES (DEFAULT, 'HALDEN',0,0);
INSERT INTO municipality(id,municipality_name,longitude,latitude) VALUES (DEFAULT, 'AREMARK',0,0);
INSERT INTO municipality(id,municipality_name,longitude,latitude) VALUES (DEFAULT, 'ASKIM',0,0);
INSERT INTO municipality(id,municipality_name,longitude,latitude) VALUES (DEFAULT, 'SPYDEBERG',0,0);
INSERT INTO municipality(id,municipality_name,longitude,latitude) VALUES (DEFAULT, 'HOBØL',0,0);
INSERT INTO municipality(id,municipality_name,longitude,latitude) VALUES (DEFAULT, 'SKIPTVET',0,0);
INSERT INTO municipality(id,municipality_name,longitude,latitude) VALUES (DEFAULT, 'EIDSBERG',0,0);
INSERT INTO municipality(id,municipality_name,longitude,latitude) VALUES (DEFAULT, 'TRØGSTAD',0,0);
INSERT INTO municipality(id,municipality_name,longitude,latitude) VALUES (DEFAULT, 'MARKER',0,0);
INSERT INTO municipality(id,municipality_name,longitude,latitude) VALUES (DEFAULT, 'RAKKESTAD',0,0);
INSERT INTO municipality(id,municipality_name,longitude,latitude) VALUES (DEFAULT, 'FET',0,0);
INSERT INTO municipality(id,municipality_name,longitude,latitude) VALUES (DEFAULT, 'ENEBAKK',0,0);
INSERT INTO municipality(id,municipality_name,longitude,latitude) VALUES (DEFAULT, 'SØRUM',0,0);
INSERT INTO municipality(id,municipality_name,longitude,latitude) VALUES (DEFAULT, 'NES (AKERSHUS)',0,0);
INSERT INTO municipality(id,municipality_name,longitude,latitude) VALUES (DEFAULT, 'AURSKOG-HØLAND',0,0);
INSERT INTO municipality(id,municipality_name,longitude,latitude) VALUES (DEFAULT, 'RØMSKOG',0,0);
INSERT INTO municipality(id,municipality_name,longitude,latitude) VALUES (DEFAULT, 'RÆLINGEN',0,0);
INSERT INTO municipality(id,municipality_name,longitude,latitude) VALUES (DEFAULT, 'GJERDRUM',0,0);
INSERT INTO municipality(id,municipality_name,longitude,latitude) VALUES (DEFAULT, 'NANNESTAD',0,0);
INSERT INTO municipality(id,municipality_name,longitude,latitude) VALUES (DEFAULT, 'ULLENSAKER',0,0);
INSERT INTO municipality(id,municipality_name,longitude,latitude) VALUES (DEFAULT, 'EIDSVOLL',0,0);
INSERT INTO municipality(id,municipality_name,longitude,latitude) VALUES (DEFAULT, 'HURDAL',0,0);
INSERT INTO municipality(id,municipality_name,longitude,latitude) VALUES (DEFAULT, 'SØR-ODAL',0,0);
INSERT INTO municipality(id,municipality_name,longitude,latitude) VALUES (DEFAULT, 'NORD-ODAL',0,0);
INSERT INTO municipality(id,municipality_name,longitude,latitude) VALUES (DEFAULT, 'KONGSVINGER',0,0);
INSERT INTO municipality(id,municipality_name,longitude,latitude) VALUES (DEFAULT, 'EIDSKOG',0,0);
INSERT INTO municipality(id,municipality_name,longitude,latitude) VALUES (DEFAULT, 'GRUE',0,0);
INSERT INTO municipality(id,municipality_name,longitude,latitude) VALUES (DEFAULT, 'ÅSNES',0,0);
INSERT INTO municipality(id,municipality_name,longitude,latitude) VALUES (DEFAULT, 'HAMAR',0,0);
INSERT INTO municipality(id,municipality_name,longitude,latitude) VALUES (DEFAULT, 'STANGE',0,0);
INSERT INTO municipality(id,municipality_name,longitude,latitude) VALUES (DEFAULT, 'RINGSAKER',0,0);
INSERT INTO municipality(id,municipality_name,longitude,latitude) VALUES (DEFAULT, 'LØTEN',0,0);
INSERT INTO municipality(id,municipality_name,longitude,latitude) VALUES (DEFAULT, 'ELVERUM',0,0);
INSERT INTO municipality(id,municipality_name,longitude,latitude) VALUES (DEFAULT, 'TRYSIL',0,0);
INSERT INTO municipality(id,municipality_name,longitude,latitude) VALUES (DEFAULT, 'VÅLER (HEDMARK)',0,0);
INSERT INTO municipality(id,municipality_name,longitude,latitude) VALUES (DEFAULT, 'ENGERDAL',0,0);
INSERT INTO municipality(id,municipality_name,longitude,latitude) VALUES (DEFAULT, 'ÅMOT',0,0);
INSERT INTO municipality(id,municipality_name,longitude,latitude) VALUES (DEFAULT, 'STOR-ELVDAL',0,0);
INSERT INTO municipality(id,municipality_name,longitude,latitude) VALUES (DEFAULT, 'RENDALEN',0,0);
INSERT INTO municipality(id,municipality_name,longitude,latitude) VALUES (DEFAULT, 'TYNSET',0,0);
INSERT INTO municipality(id,municipality_name,longitude,latitude) VALUES (DEFAULT, 'TOLGA',0,0);
INSERT INTO municipality(id,municipality_name,longitude,latitude) VALUES (DEFAULT, 'OS (HEDMARK)',0,0);
INSERT INTO municipality(id,municipality_name,longitude,latitude) VALUES (DEFAULT, 'ALVDAL',0,0);
INSERT INTO municipality(id,municipality_name,longitude,latitude) VALUES (DEFAULT, 'FOLLDAL',0,0);
INSERT INTO municipality(id,municipality_name,longitude,latitude) VALUES (DEFAULT, 'LILLEHAMMER',0,0);
INSERT INTO municipality(id,municipality_name,longitude,latitude) VALUES (DEFAULT, 'RINGEBU',0,0);
INSERT INTO municipality(id,municipality_name,longitude,latitude) VALUES (DEFAULT, 'ØYER',0,0);
INSERT INTO municipality(id,municipality_name,longitude,latitude) VALUES (DEFAULT, 'NORD-FRON',0,0);
INSERT INTO municipality(id,municipality_name,longitude,latitude) VALUES (DEFAULT, 'SØR-FRON',0,0);
INSERT INTO municipality(id,municipality_name,longitude,latitude) VALUES (DEFAULT, 'GAUSDAL',0,0);
INSERT INTO municipality(id,municipality_name,longitude,latitude) VALUES (DEFAULT, 'DOVRE',0,0);
INSERT INTO municipality(id,municipality_name,longitude,latitude) VALUES (DEFAULT, 'LESJA',0,0);
INSERT INTO municipality(id,municipality_name,longitude,latitude) VALUES (DEFAULT, 'SEL',0,0);
INSERT INTO municipality(id,municipality_name,longitude,latitude) VALUES (DEFAULT, 'VÅGÅ',0,0);
INSERT INTO municipality(id,municipality_name,longitude,latitude) VALUES (DEFAULT, 'LOM',0,0);
INSERT INTO municipality(id,municipality_name,longitude,latitude) VALUES (DEFAULT, 'SKJÅK',0,0);
INSERT INTO municipality(id,municipality_name,longitude,latitude) VALUES (DEFAULT, 'GRAN',0,0);
INSERT INTO municipality(id,municipality_name,longitude,latitude) VALUES (DEFAULT, 'LUNNER',0,0);
INSERT INTO municipality(id,municipality_name,longitude,latitude) VALUES (DEFAULT, 'GJØVIK',0,0);
INSERT INTO municipality(id,municipality_name,longitude,latitude) VALUES (DEFAULT, 'ØSTRE TOTEN',0,0);
INSERT INTO municipality(id,municipality_name,longitude,latitude) VALUES (DEFAULT, 'VESTRE TOTEN',0,0);
INSERT INTO municipality(id,municipality_name,longitude,latitude) VALUES (DEFAULT, 'SØNDRE LAND',0,0);
INSERT INTO municipality(id,municipality_name,longitude,latitude) VALUES (DEFAULT, 'NORDRE LAND',0,0);
INSERT INTO municipality(id,municipality_name,longitude,latitude) VALUES (DEFAULT, 'ETNEDAL',0,0);
INSERT INTO municipality(id,municipality_name,longitude,latitude) VALUES (DEFAULT, 'NORD-AURDAL',0,0);
INSERT INTO municipality(id,municipality_name,longitude,latitude) VALUES (DEFAULT, 'SØR-AURDAL',0,0);
INSERT INTO municipality(id,municipality_name,longitude,latitude) VALUES (DEFAULT, 'ØYSTRE SLIDRE',0,0);
INSERT INTO municipality(id,municipality_name,longitude,latitude) VALUES (DEFAULT, 'VESTRE SLIDRE',0,0);
INSERT INTO municipality(id,municipality_name,longitude,latitude) VALUES (DEFAULT, 'VANG',0,0);
INSERT INTO municipality(id,municipality_name,longitude,latitude) VALUES (DEFAULT, 'DRAMMEN',0,0);
INSERT INTO municipality(id,municipality_name,longitude,latitude) VALUES (DEFAULT, 'NEDRE EIKER',0,0);
INSERT INTO municipality(id,municipality_name,longitude,latitude) VALUES (DEFAULT, 'SVELVIK',0,0);
INSERT INTO municipality(id,municipality_name,longitude,latitude) VALUES (DEFAULT, 'SANDE (VESTFOLD)',0,0);
INSERT INTO municipality(id,municipality_name,longitude,latitude) VALUES (DEFAULT, 'HOLMESTRAND',0,0);
INSERT INTO municipality(id,municipality_name,longitude,latitude) VALUES (DEFAULT, 'TØNSBERG',0,0);
INSERT INTO municipality(id,municipality_name,longitude,latitude) VALUES (DEFAULT, 'FÆRDER',0,0);
INSERT INTO municipality(id,municipality_name,longitude,latitude) VALUES (DEFAULT, 'SANDEFJORD',0,0);
INSERT INTO municipality(id,municipality_name,longitude,latitude) VALUES (DEFAULT, 'RE',0,0);
INSERT INTO municipality(id,municipality_name,longitude,latitude) VALUES (DEFAULT, 'HORTEN',0,0);
INSERT INTO municipality(id,municipality_name,longitude,latitude) VALUES (DEFAULT, 'LARVIK',0,0);
INSERT INTO municipality(id,municipality_name,longitude,latitude) VALUES (DEFAULT, 'ØVRE EIKER',0,0);
INSERT INTO municipality(id,municipality_name,longitude,latitude) VALUES (DEFAULT, 'MODUM',0,0);
INSERT INTO municipality(id,municipality_name,longitude,latitude) VALUES (DEFAULT, 'SIGDAL',0,0);
INSERT INTO municipality(id,municipality_name,longitude,latitude) VALUES (DEFAULT, 'LIER',0,0);
INSERT INTO municipality(id,municipality_name,longitude,latitude) VALUES (DEFAULT, 'RØYKEN',0,0);
INSERT INTO municipality(id,municipality_name,longitude,latitude) VALUES (DEFAULT, 'HURUM',0,0);
INSERT INTO municipality(id,municipality_name,longitude,latitude) VALUES (DEFAULT, 'RINGERIKE',0,0);
INSERT INTO municipality(id,municipality_name,longitude,latitude) VALUES (DEFAULT, 'JEVNAKER',0,0);
INSERT INTO municipality(id,municipality_name,longitude,latitude) VALUES (DEFAULT, 'HOLE',0,0);
INSERT INTO municipality(id,municipality_name,longitude,latitude) VALUES (DEFAULT, 'KRØDSHERAD',0,0);
INSERT INTO municipality(id,municipality_name,longitude,latitude) VALUES (DEFAULT, 'FLÅ',0,0);
INSERT INTO municipality(id,municipality_name,longitude,latitude) VALUES (DEFAULT, 'NES (BUSKERUD)',0,0);
INSERT INTO municipality(id,municipality_name,longitude,latitude) VALUES (DEFAULT, 'NORE OG UVDAL',0,0);
INSERT INTO municipality(id,municipality_name,longitude,latitude) VALUES (DEFAULT, 'GOL',0,0);
INSERT INTO municipality(id,municipality_name,longitude,latitude) VALUES (DEFAULT, 'HEMSEDAL',0,0);
INSERT INTO municipality(id,municipality_name,longitude,latitude) VALUES (DEFAULT, 'ÅL',0,0);
INSERT INTO municipality(id,municipality_name,longitude,latitude) VALUES (DEFAULT, 'HOL',0,0);
INSERT INTO municipality(id,municipality_name,longitude,latitude) VALUES (DEFAULT, 'KONGSBERG',0,0);
INSERT INTO municipality(id,municipality_name,longitude,latitude) VALUES (DEFAULT, 'FLESBERG',0,0);
INSERT INTO municipality(id,municipality_name,longitude,latitude) VALUES (DEFAULT, 'ROLLAG',0,0);
INSERT INTO municipality(id,municipality_name,longitude,latitude) VALUES (DEFAULT, 'TINN',0,0);
INSERT INTO municipality(id,municipality_name,longitude,latitude) VALUES (DEFAULT, 'HJARTDAL',0,0);
INSERT INTO municipality(id,municipality_name,longitude,latitude) VALUES (DEFAULT, 'NOTODDEN',0,0);
INSERT INTO municipality(id,municipality_name,longitude,latitude) VALUES (DEFAULT, 'SKIEN',0,0);
INSERT INTO municipality(id,municipality_name,longitude,latitude) VALUES (DEFAULT, 'SILJAN',0,0);
INSERT INTO municipality(id,municipality_name,longitude,latitude) VALUES (DEFAULT, 'DRANGEDAL',0,0);
INSERT INTO municipality(id,municipality_name,longitude,latitude) VALUES (DEFAULT, 'KRAGERØ',0,0);
INSERT INTO municipality(id,municipality_name,longitude,latitude) VALUES (DEFAULT, 'BØ (TELEMARK)',0,0);
INSERT INTO municipality(id,municipality_name,longitude,latitude) VALUES (DEFAULT, 'SELJORD',0,0);
INSERT INTO municipality(id,municipality_name,longitude,latitude) VALUES (DEFAULT, 'SAUHERAD',0,0);
INSERT INTO municipality(id,municipality_name,longitude,latitude) VALUES (DEFAULT, 'NOME',0,0);
INSERT INTO municipality(id,municipality_name,longitude,latitude) VALUES (DEFAULT, 'KVITESEID',0,0);
INSERT INTO municipality(id,municipality_name,longitude,latitude) VALUES (DEFAULT, 'NISSEDAL',0,0);
INSERT INTO municipality(id,municipality_name,longitude,latitude) VALUES (DEFAULT, 'VINJE',0,0);
INSERT INTO municipality(id,municipality_name,longitude,latitude) VALUES (DEFAULT, 'FYRESDAL',0,0);
INSERT INTO municipality(id,municipality_name,longitude,latitude) VALUES (DEFAULT, 'TOKKE',0,0);
INSERT INTO municipality(id,municipality_name,longitude,latitude) VALUES (DEFAULT, 'PORSGRUNN',0,0);
INSERT INTO municipality(id,municipality_name,longitude,latitude) VALUES (DEFAULT, 'BAMBLE',0,0);
INSERT INTO municipality(id,municipality_name,longitude,latitude) VALUES (DEFAULT, 'STAVANGER',0,0);
INSERT INTO municipality(id,municipality_name,longitude,latitude) VALUES (DEFAULT, 'SOLA',0,0);
INSERT INTO municipality(id,municipality_name,longitude,latitude) VALUES (DEFAULT, 'RANDABERG',0,0);
INSERT INTO municipality(id,municipality_name,longitude,latitude) VALUES (DEFAULT, 'STRAND',0,0);
INSERT INTO municipality(id,municipality_name,longitude,latitude) VALUES (DEFAULT, 'FORSAND',0,0);
INSERT INTO municipality(id,municipality_name,longitude,latitude) VALUES (DEFAULT, 'HJELMELAND',0,0);
INSERT INTO municipality(id,municipality_name,longitude,latitude) VALUES (DEFAULT, 'RENNESØY',0,0);
INSERT INTO municipality(id,municipality_name,longitude,latitude) VALUES (DEFAULT, 'FINNØY',0,0);
INSERT INTO municipality(id,municipality_name,longitude,latitude) VALUES (DEFAULT, 'KVITSØY',0,0);
INSERT INTO municipality(id,municipality_name,longitude,latitude) VALUES (DEFAULT, 'SULDAL',0,0);
INSERT INTO municipality(id,municipality_name,longitude,latitude) VALUES (DEFAULT, 'SAUDA',0,0);
INSERT INTO municipality(id,municipality_name,longitude,latitude) VALUES (DEFAULT, 'KARMØY',0,0);
INSERT INTO municipality(id,municipality_name,longitude,latitude) VALUES (DEFAULT, 'SANDNES',0,0);
INSERT INTO municipality(id,municipality_name,longitude,latitude) VALUES (DEFAULT, 'GJESDAL',0,0);
INSERT INTO municipality(id,municipality_name,longitude,latitude) VALUES (DEFAULT, 'TIME',0,0);
INSERT INTO municipality(id,municipality_name,longitude,latitude) VALUES (DEFAULT, 'KLEPP',0,0);
INSERT INTO municipality(id,municipality_name,longitude,latitude) VALUES (DEFAULT, 'HÅ',0,0);
INSERT INTO municipality(id,municipality_name,longitude,latitude) VALUES (DEFAULT, 'EIGERSUND',0,0);
INSERT INTO municipality(id,municipality_name,longitude,latitude) VALUES (DEFAULT, 'SOKNDAL',0,0);
INSERT INTO municipality(id,municipality_name,longitude,latitude) VALUES (DEFAULT, 'BJERKREIM',0,0);
INSERT INTO municipality(id,municipality_name,longitude,latitude) VALUES (DEFAULT, 'FLEKKEFJORD',0,0);
INSERT INTO municipality(id,municipality_name,longitude,latitude) VALUES (DEFAULT, 'SIRDAL',0,0);
INSERT INTO municipality(id,municipality_name,longitude,latitude) VALUES (DEFAULT, 'LUND',0,0);
INSERT INTO municipality(id,municipality_name,longitude,latitude) VALUES (DEFAULT, 'KVINESDAL',0,0);
INSERT INTO municipality(id,municipality_name,longitude,latitude) VALUES (DEFAULT, 'MANDAL',0,0);
INSERT INTO municipality(id,municipality_name,longitude,latitude) VALUES (DEFAULT, 'LINDESNES',0,0);
INSERT INTO municipality(id,municipality_name,longitude,latitude) VALUES (DEFAULT, 'AUDNEDAL',0,0);
INSERT INTO municipality(id,municipality_name,longitude,latitude) VALUES (DEFAULT, 'MARNARDAL',0,0);
INSERT INTO municipality(id,municipality_name,longitude,latitude) VALUES (DEFAULT, 'ÅSERAL',0,0);
INSERT INTO municipality(id,municipality_name,longitude,latitude) VALUES (DEFAULT, 'FARSUND',0,0);
INSERT INTO municipality(id,municipality_name,longitude,latitude) VALUES (DEFAULT, 'LYNGDAL',0,0);
INSERT INTO municipality(id,municipality_name,longitude,latitude) VALUES (DEFAULT, 'HÆGEBOSTAD',0,0);
INSERT INTO municipality(id,municipality_name,longitude,latitude) VALUES (DEFAULT, 'KRISTIANSAND',0,0);
INSERT INTO municipality(id,municipality_name,longitude,latitude) VALUES (DEFAULT, 'SØGNE',0,0);
INSERT INTO municipality(id,municipality_name,longitude,latitude) VALUES (DEFAULT, 'SONGDALEN',0,0);
INSERT INTO municipality(id,municipality_name,longitude,latitude) VALUES (DEFAULT, 'VENNESLA',0,0);
INSERT INTO municipality(id,municipality_name,longitude,latitude) VALUES (DEFAULT, 'IVELAND',0,0);
INSERT INTO municipality(id,municipality_name,longitude,latitude) VALUES (DEFAULT, 'EVJE OG HORNNES',0,0);
INSERT INTO municipality(id,municipality_name,longitude,latitude) VALUES (DEFAULT, 'BYGLAND',0,0);
INSERT INTO municipality(id,municipality_name,longitude,latitude) VALUES (DEFAULT, 'VALLE',0,0);
INSERT INTO municipality(id,municipality_name,longitude,latitude) VALUES (DEFAULT, 'BYKLE',0,0);
INSERT INTO municipality(id,municipality_name,longitude,latitude) VALUES (DEFAULT, 'BIRKENES',0,0);
INSERT INTO municipality(id,municipality_name,longitude,latitude) VALUES (DEFAULT, 'LILLESAND',0,0);
INSERT INTO municipality(id,municipality_name,longitude,latitude) VALUES (DEFAULT, 'ARENDAL',0,0);
INSERT INTO municipality(id,municipality_name,longitude,latitude) VALUES (DEFAULT, 'FROLAND',0,0);
INSERT INTO municipality(id,municipality_name,longitude,latitude) VALUES (DEFAULT, 'ÅMLI',0,0);
INSERT INTO municipality(id,municipality_name,longitude,latitude) VALUES (DEFAULT, 'GRIMSTAD',0,0);
INSERT INTO municipality(id,municipality_name,longitude,latitude) VALUES (DEFAULT, 'TVEDESTRAND',0,0);
INSERT INTO municipality(id,municipality_name,longitude,latitude) VALUES (DEFAULT, 'RISØR',0,0);
INSERT INTO municipality(id,municipality_name,longitude,latitude) VALUES (DEFAULT, 'GJERSTAD',0,0);
INSERT INTO municipality(id,municipality_name,longitude,latitude) VALUES (DEFAULT, 'VEGÅRSHEI',0,0);
INSERT INTO municipality(id,municipality_name,longitude,latitude) VALUES (DEFAULT, 'BERGEN',0,0);
INSERT INTO municipality(id,municipality_name,longitude,latitude) VALUES (DEFAULT, 'FJELL',0,0);
INSERT INTO municipality(id,municipality_name,longitude,latitude) VALUES (DEFAULT, 'OS (HORDALAND)',0,0);
INSERT INTO municipality(id,municipality_name,longitude,latitude) VALUES (DEFAULT, 'OSTERØY',0,0);
INSERT INTO municipality(id,municipality_name,longitude,latitude) VALUES (DEFAULT, 'ASKØY',0,0);
INSERT INTO municipality(id,municipality_name,longitude,latitude) VALUES (DEFAULT, 'ØYGARDEN',0,0);
INSERT INTO municipality(id,municipality_name,longitude,latitude) VALUES (DEFAULT, 'SUND',0,0);
INSERT INTO municipality(id,municipality_name,longitude,latitude) VALUES (DEFAULT, 'AUSTEVOLL',0,0);
INSERT INTO municipality(id,municipality_name,longitude,latitude) VALUES (DEFAULT, 'STORD',0,0);
INSERT INTO municipality(id,municipality_name,longitude,latitude) VALUES (DEFAULT, 'FITJAR',0,0);
INSERT INTO municipality(id,municipality_name,longitude,latitude) VALUES (DEFAULT, 'BØMLO',0,0);
INSERT INTO municipality(id,municipality_name,longitude,latitude) VALUES (DEFAULT, 'KVINNHERAD',0,0);
INSERT INTO municipality(id,municipality_name,longitude,latitude) VALUES (DEFAULT, 'HAUGESUND',0,0);
INSERT INTO municipality(id,municipality_name,longitude,latitude) VALUES (DEFAULT, 'UTSIRA',0,0);
INSERT INTO municipality(id,municipality_name,longitude,latitude) VALUES (DEFAULT, 'SVEIO',0,0);
INSERT INTO municipality(id,municipality_name,longitude,latitude) VALUES (DEFAULT, 'TYSVÆR',0,0);
INSERT INTO municipality(id,municipality_name,longitude,latitude) VALUES (DEFAULT, 'BOKN',0,0);
INSERT INTO municipality(id,municipality_name,longitude,latitude) VALUES (DEFAULT, 'VINDAFJORD',0,0);
INSERT INTO municipality(id,municipality_name,longitude,latitude) VALUES (DEFAULT, 'ETNE',0,0);
INSERT INTO municipality(id,municipality_name,longitude,latitude) VALUES (DEFAULT, 'KVAM',0,0);
INSERT INTO municipality(id,municipality_name,longitude,latitude) VALUES (DEFAULT, 'JONDAL',0,0);
INSERT INTO municipality(id,municipality_name,longitude,latitude) VALUES (DEFAULT, 'FUSA',0,0);
INSERT INTO municipality(id,municipality_name,longitude,latitude) VALUES (DEFAULT, 'SAMNANGER',0,0);
INSERT INTO municipality(id,municipality_name,longitude,latitude) VALUES (DEFAULT, 'TYSNES',0,0);
INSERT INTO municipality(id,municipality_name,longitude,latitude) VALUES (DEFAULT, 'VOSS',0,0);
INSERT INTO municipality(id,municipality_name,longitude,latitude) VALUES (DEFAULT, 'AURLAND',0,0);
INSERT INTO municipality(id,municipality_name,longitude,latitude) VALUES (DEFAULT, 'ULVIK',0,0);
INSERT INTO municipality(id,municipality_name,longitude,latitude) VALUES (DEFAULT, 'VAKSDAL',0,0);
INSERT INTO municipality(id,municipality_name,longitude,latitude) VALUES (DEFAULT, 'MODALEN',0,0);
INSERT INTO municipality(id,municipality_name,longitude,latitude) VALUES (DEFAULT, 'GRANVIN',0,0);
INSERT INTO municipality(id,municipality_name,longitude,latitude) VALUES (DEFAULT, 'ODDA',0,0);
INSERT INTO municipality(id,municipality_name,longitude,latitude) VALUES (DEFAULT, 'ULLENSVANG',0,0);
INSERT INTO municipality(id,municipality_name,longitude,latitude) VALUES (DEFAULT, 'EIDFJORD',0,0);
INSERT INTO municipality(id,municipality_name,longitude,latitude) VALUES (DEFAULT, 'LINDÅS',0,0);
INSERT INTO municipality(id,municipality_name,longitude,latitude) VALUES (DEFAULT, 'MELAND',0,0);
INSERT INTO municipality(id,municipality_name,longitude,latitude) VALUES (DEFAULT, 'RADØY',0,0);
INSERT INTO municipality(id,municipality_name,longitude,latitude) VALUES (DEFAULT, 'AUSTRHEIM',0,0);
INSERT INTO municipality(id,municipality_name,longitude,latitude) VALUES (DEFAULT, 'FEDJE',0,0);
INSERT INTO municipality(id,municipality_name,longitude,latitude) VALUES (DEFAULT, 'GULEN',0,0);
INSERT INTO municipality(id,municipality_name,longitude,latitude) VALUES (DEFAULT, 'HØYANGER',0,0);
INSERT INTO municipality(id,municipality_name,longitude,latitude) VALUES (DEFAULT, 'MASFJORDEN',0,0);
INSERT INTO municipality(id,municipality_name,longitude,latitude) VALUES (DEFAULT, 'ÅLESUND',0,0);
INSERT INTO municipality(id,municipality_name,longitude,latitude) VALUES (DEFAULT, 'SULA',0,0);
INSERT INTO municipality(id,municipality_name,longitude,latitude) VALUES (DEFAULT, 'GISKE',0,0);
INSERT INTO municipality(id,municipality_name,longitude,latitude) VALUES (DEFAULT, 'HAREID',0,0);
INSERT INTO municipality(id,municipality_name,longitude,latitude) VALUES (DEFAULT, 'ULSTEIN',0,0);
INSERT INTO municipality(id,municipality_name,longitude,latitude) VALUES (DEFAULT, 'HERØY (MØRE OG ROMSDAL)',0,0);
INSERT INTO municipality(id,municipality_name,longitude,latitude) VALUES (DEFAULT, 'SANDE (MØRE OG ROMSDAL)',0,0);
INSERT INTO municipality(id,municipality_name,longitude,latitude) VALUES (DEFAULT, 'VOLDA',0,0);
INSERT INTO municipality(id,municipality_name,longitude,latitude) VALUES (DEFAULT, 'VANYLVEN',0,0);
INSERT INTO municipality(id,municipality_name,longitude,latitude) VALUES (DEFAULT, 'ØRSTA',0,0);
INSERT INTO municipality(id,municipality_name,longitude,latitude) VALUES (DEFAULT, 'STRANDA',0,0);
INSERT INTO municipality(id,municipality_name,longitude,latitude) VALUES (DEFAULT, 'NORDDAL',0,0);
INSERT INTO municipality(id,municipality_name,longitude,latitude) VALUES (DEFAULT, 'SYKKYLVEN',0,0);
INSERT INTO municipality(id,municipality_name,longitude,latitude) VALUES (DEFAULT, 'ØRSKOG',0,0);
INSERT INTO municipality(id,municipality_name,longitude,latitude) VALUES (DEFAULT, 'STORDAL',0,0);
INSERT INTO municipality(id,municipality_name,longitude,latitude) VALUES (DEFAULT, 'SKODJE',0,0);
INSERT INTO municipality(id,municipality_name,longitude,latitude) VALUES (DEFAULT, 'HARAM',0,0);
INSERT INTO municipality(id,municipality_name,longitude,latitude) VALUES (DEFAULT, 'RAUMA',0,0);
INSERT INTO municipality(id,municipality_name,longitude,latitude) VALUES (DEFAULT, 'NESSET',0,0);
INSERT INTO municipality(id,municipality_name,longitude,latitude) VALUES (DEFAULT, 'VESTNES',0,0);
INSERT INTO municipality(id,municipality_name,longitude,latitude) VALUES (DEFAULT, 'MOLDE',0,0);
INSERT INTO municipality(id,municipality_name,longitude,latitude) VALUES (DEFAULT, 'FRÆNA',0,0);
INSERT INTO municipality(id,municipality_name,longitude,latitude) VALUES (DEFAULT, 'AUKRA',0,0);
INSERT INTO municipality(id,municipality_name,longitude,latitude) VALUES (DEFAULT, 'MIDSUND',0,0);
INSERT INTO municipality(id,municipality_name,longitude,latitude) VALUES (DEFAULT, 'SANDØY',0,0);
INSERT INTO municipality(id,municipality_name,longitude,latitude) VALUES (DEFAULT, 'EIDE',0,0);
INSERT INTO municipality(id,municipality_name,longitude,latitude) VALUES (DEFAULT, 'KRISTIANSUND',0,0);
INSERT INTO municipality(id,municipality_name,longitude,latitude) VALUES (DEFAULT, 'AVERØY',0,0);
INSERT INTO municipality(id,municipality_name,longitude,latitude) VALUES (DEFAULT, 'SMØLA',0,0);
INSERT INTO municipality(id,municipality_name,longitude,latitude) VALUES (DEFAULT, 'AURE',0,0);
INSERT INTO municipality(id,municipality_name,longitude,latitude) VALUES (DEFAULT, 'SUNNDAL',0,0);
INSERT INTO municipality(id,municipality_name,longitude,latitude) VALUES (DEFAULT, 'TINGVOLL',0,0);
INSERT INTO municipality(id,municipality_name,longitude,latitude) VALUES (DEFAULT, 'GJEMNES',0,0);
INSERT INTO municipality(id,municipality_name,longitude,latitude) VALUES (DEFAULT, 'SURNADAL',0,0);
INSERT INTO municipality(id,municipality_name,longitude,latitude) VALUES (DEFAULT, 'RINDAL',0,0);
INSERT INTO municipality(id,municipality_name,longitude,latitude) VALUES (DEFAULT, 'HALSA',0,0);
INSERT INTO municipality(id,municipality_name,longitude,latitude) VALUES (DEFAULT, 'VÅGSØY',0,0);
INSERT INTO municipality(id,municipality_name,longitude,latitude) VALUES (DEFAULT, 'SELJE',0,0);
INSERT INTO municipality(id,municipality_name,longitude,latitude) VALUES (DEFAULT, 'BREMANGER',0,0);
INSERT INTO municipality(id,municipality_name,longitude,latitude) VALUES (DEFAULT, 'HORNINDAL',0,0);
INSERT INTO municipality(id,municipality_name,longitude,latitude) VALUES (DEFAULT, 'EID',0,0);
INSERT INTO municipality(id,municipality_name,longitude,latitude) VALUES (DEFAULT, 'STRYN',0,0);
INSERT INTO municipality(id,municipality_name,longitude,latitude) VALUES (DEFAULT, 'FØRDE',0,0);
INSERT INTO municipality(id,municipality_name,longitude,latitude) VALUES (DEFAULT, 'NAUSTDAL',0,0);
INSERT INTO municipality(id,municipality_name,longitude,latitude) VALUES (DEFAULT, 'GLOPPEN',0,0);
INSERT INTO municipality(id,municipality_name,longitude,latitude) VALUES (DEFAULT, 'JØLSTER',0,0);
INSERT INTO municipality(id,municipality_name,longitude,latitude) VALUES (DEFAULT, 'SOGNDAL',0,0);
INSERT INTO municipality(id,municipality_name,longitude,latitude) VALUES (DEFAULT, 'LÆRDAL',0,0);
INSERT INTO municipality(id,municipality_name,longitude,latitude) VALUES (DEFAULT, 'LEIKANGER',0,0);
INSERT INTO municipality(id,municipality_name,longitude,latitude) VALUES (DEFAULT, 'LUSTER',0,0);
INSERT INTO municipality(id,municipality_name,longitude,latitude) VALUES (DEFAULT, 'ÅRDAL',0,0);
INSERT INTO municipality(id,municipality_name,longitude,latitude) VALUES (DEFAULT, 'VIK',0,0);
INSERT INTO municipality(id,municipality_name,longitude,latitude) VALUES (DEFAULT, 'BALESTRAND',0,0);
INSERT INTO municipality(id,municipality_name,longitude,latitude) VALUES (DEFAULT, 'FLORA',0,0);
INSERT INTO municipality(id,municipality_name,longitude,latitude) VALUES (DEFAULT, 'SOLUND',0,0);
INSERT INTO municipality(id,municipality_name,longitude,latitude) VALUES (DEFAULT, 'HYLLESTAD',0,0);
INSERT INTO municipality(id,municipality_name,longitude,latitude) VALUES (DEFAULT, 'FJALER',0,0);
INSERT INTO municipality(id,municipality_name,longitude,latitude) VALUES (DEFAULT, 'GAULAR',0,0);
INSERT INTO municipality(id,municipality_name,longitude,latitude) VALUES (DEFAULT, 'ASKVOLL',0,0);
INSERT INTO municipality(id,municipality_name,longitude,latitude) VALUES (DEFAULT, 'INDRE FOSEN',0,0);
INSERT INTO municipality(id,municipality_name,longitude,latitude) VALUES (DEFAULT, 'ØRLAND',0,0);
INSERT INTO municipality(id,municipality_name,longitude,latitude) VALUES (DEFAULT, 'AGDENES',0,0);
INSERT INTO municipality(id,municipality_name,longitude,latitude) VALUES (DEFAULT, 'BJUGN',0,0);
INSERT INTO municipality(id,municipality_name,longitude,latitude) VALUES (DEFAULT, 'ÅFJORD',0,0);
INSERT INTO municipality(id,municipality_name,longitude,latitude) VALUES (DEFAULT, 'ROAN',0,0);
INSERT INTO municipality(id,municipality_name,longitude,latitude) VALUES (DEFAULT, 'HEMNE',0,0);
INSERT INTO municipality(id,municipality_name,longitude,latitude) VALUES (DEFAULT, 'MELHUS',0,0);
INSERT INTO municipality(id,municipality_name,longitude,latitude) VALUES (DEFAULT, 'HITRA',0,0);
INSERT INTO municipality(id,municipality_name,longitude,latitude) VALUES (DEFAULT, 'SNILLFJORD',0,0);
INSERT INTO municipality(id,municipality_name,longitude,latitude) VALUES (DEFAULT, 'FRØYA',0,0);
INSERT INTO municipality(id,municipality_name,longitude,latitude) VALUES (DEFAULT, 'MIDTRE GAULDAL',0,0);
INSERT INTO municipality(id,municipality_name,longitude,latitude) VALUES (DEFAULT, 'ORKDAL',0,0);
INSERT INTO municipality(id,municipality_name,longitude,latitude) VALUES (DEFAULT, 'MELDAL',0,0);
INSERT INTO municipality(id,municipality_name,longitude,latitude) VALUES (DEFAULT, 'OPPDAL',0,0);
INSERT INTO municipality(id,municipality_name,longitude,latitude) VALUES (DEFAULT, 'SKAUN',0,0);
INSERT INTO municipality(id,municipality_name,longitude,latitude) VALUES (DEFAULT, 'RØROS',0,0);
INSERT INTO municipality(id,municipality_name,longitude,latitude) VALUES (DEFAULT, 'HOLTÅLEN',0,0);
INSERT INTO municipality(id,municipality_name,longitude,latitude) VALUES (DEFAULT, 'RENNEBU',0,0);
INSERT INTO municipality(id,municipality_name,longitude,latitude) VALUES (DEFAULT, 'STJØRDAL',0,0);
INSERT INTO municipality(id,municipality_name,longitude,latitude) VALUES (DEFAULT, 'MERÅKER',0,0);
INSERT INTO municipality(id,municipality_name,longitude,latitude) VALUES (DEFAULT, 'KLÆBU',0,0);
INSERT INTO municipality(id,municipality_name,longitude,latitude) VALUES (DEFAULT, 'MALVIK',0,0);
INSERT INTO municipality(id,municipality_name,longitude,latitude) VALUES (DEFAULT, 'SELBU',0,0);
INSERT INTO municipality(id,municipality_name,longitude,latitude) VALUES (DEFAULT, 'TYDAL',0,0);
INSERT INTO municipality(id,municipality_name,longitude,latitude) VALUES (DEFAULT, 'LEVANGER',0,0);
INSERT INTO municipality(id,municipality_name,longitude,latitude) VALUES (DEFAULT, 'FROSTA',0,0);
INSERT INTO municipality(id,municipality_name,longitude,latitude) VALUES (DEFAULT, 'VERDAL',0,0);
INSERT INTO municipality(id,municipality_name,longitude,latitude) VALUES (DEFAULT, 'INDERØY',0,0);
INSERT INTO municipality(id,municipality_name,longitude,latitude) VALUES (DEFAULT, 'STEINKJER',0,0);
INSERT INTO municipality(id,municipality_name,longitude,latitude) VALUES (DEFAULT, 'OSEN',0,0);
INSERT INTO municipality(id,municipality_name,longitude,latitude) VALUES (DEFAULT, 'FLATANGER',0,0);
INSERT INTO municipality(id,municipality_name,longitude,latitude) VALUES (DEFAULT, 'NAMDALSEID',0,0);
INSERT INTO municipality(id,municipality_name,longitude,latitude) VALUES (DEFAULT, 'SNÅSA',0,0);
INSERT INTO municipality(id,municipality_name,longitude,latitude) VALUES (DEFAULT, 'VERRAN',0,0);
INSERT INTO municipality(id,municipality_name,longitude,latitude) VALUES (DEFAULT, 'NAMSOS',0,0);
INSERT INTO municipality(id,municipality_name,longitude,latitude) VALUES (DEFAULT, 'FOSNES',0,0);
INSERT INTO municipality(id,municipality_name,longitude,latitude) VALUES (DEFAULT, 'NÆRØY',0,0);
INSERT INTO municipality(id,municipality_name,longitude,latitude) VALUES (DEFAULT, 'OVERHALLA',0,0);
INSERT INTO municipality(id,municipality_name,longitude,latitude) VALUES (DEFAULT, 'GRONG',0,0);
INSERT INTO municipality(id,municipality_name,longitude,latitude) VALUES (DEFAULT, 'HØYLANDET',0,0);
INSERT INTO municipality(id,municipality_name,longitude,latitude) VALUES (DEFAULT, 'LIERNE',0,0);
INSERT INTO municipality(id,municipality_name,longitude,latitude) VALUES (DEFAULT, 'NAMSSKOGAN',0,0);
INSERT INTO municipality(id,municipality_name,longitude,latitude) VALUES (DEFAULT, 'RØYRVIK',0,0);
INSERT INTO municipality(id,municipality_name,longitude,latitude) VALUES (DEFAULT, 'VIKNA',0,0);
INSERT INTO municipality(id,municipality_name,longitude,latitude) VALUES (DEFAULT, 'BINDAL',0,0);
INSERT INTO municipality(id,municipality_name,longitude,latitude) VALUES (DEFAULT, 'LEKA',0,0);
INSERT INTO municipality(id,municipality_name,longitude,latitude) VALUES (DEFAULT, 'BODØ',0,0);
INSERT INTO municipality(id,municipality_name,longitude,latitude) VALUES (DEFAULT, 'VÆRØY',0,0);
INSERT INTO municipality(id,municipality_name,longitude,latitude) VALUES (DEFAULT, 'RØST',0,0);
INSERT INTO municipality(id,municipality_name,longitude,latitude) VALUES (DEFAULT, 'GILDESKÅL',0,0);
INSERT INTO municipality(id,municipality_name,longitude,latitude) VALUES (DEFAULT, 'JAN MAYEN',0,0);
INSERT INTO municipality(id,municipality_name,longitude,latitude) VALUES (DEFAULT, 'BEIARN',0,0);
INSERT INTO municipality(id,municipality_name,longitude,latitude) VALUES (DEFAULT, 'MELØY',0,0);
INSERT INTO municipality(id,municipality_name,longitude,latitude) VALUES (DEFAULT, 'RØDØY',0,0);
INSERT INTO municipality(id,municipality_name,longitude,latitude) VALUES (DEFAULT, 'FAUSKE',0,0);
INSERT INTO municipality(id,municipality_name,longitude,latitude) VALUES (DEFAULT, 'SØRFOLD',0,0);
INSERT INTO municipality(id,municipality_name,longitude,latitude) VALUES (DEFAULT, 'SALTDAL',0,0);
INSERT INTO municipality(id,municipality_name,longitude,latitude) VALUES (DEFAULT, 'HAMARØY',0,0);
INSERT INTO municipality(id,municipality_name,longitude,latitude) VALUES (DEFAULT, 'TYSFJORD',0,0);
INSERT INTO municipality(id,municipality_name,longitude,latitude) VALUES (DEFAULT, 'STEIGEN',0,0);
INSERT INTO municipality(id,municipality_name,longitude,latitude) VALUES (DEFAULT, 'VÅGAN',0,0);
INSERT INTO municipality(id,municipality_name,longitude,latitude) VALUES (DEFAULT, 'HADSEL',0,0);
INSERT INTO municipality(id,municipality_name,longitude,latitude) VALUES (DEFAULT, 'VESTVÅGØY',0,0);
INSERT INTO municipality(id,municipality_name,longitude,latitude) VALUES (DEFAULT, 'FLAKSTAD',0,0);
INSERT INTO municipality(id,municipality_name,longitude,latitude) VALUES (DEFAULT, 'MOSKENES',0,0);
INSERT INTO municipality(id,municipality_name,longitude,latitude) VALUES (DEFAULT, 'SORTLAND',0,0);
INSERT INTO municipality(id,municipality_name,longitude,latitude) VALUES (DEFAULT, 'ØKSNES',0,0);
INSERT INTO municipality(id,municipality_name,longitude,latitude) VALUES (DEFAULT, 'KVÆFJORD',0,0);
INSERT INTO municipality(id,municipality_name,longitude,latitude) VALUES (DEFAULT, 'LØDINGEN',0,0);
INSERT INTO municipality(id,municipality_name,longitude,latitude) VALUES (DEFAULT, 'BØ (NORDLAND)',0,0);
INSERT INTO municipality(id,municipality_name,longitude,latitude) VALUES (DEFAULT, 'ANDØY',0,0);
INSERT INTO municipality(id,municipality_name,longitude,latitude) VALUES (DEFAULT, 'NARVIK',0,0);
INSERT INTO municipality(id,municipality_name,longitude,latitude) VALUES (DEFAULT, 'EVENES',0,0);
INSERT INTO municipality(id,municipality_name,longitude,latitude) VALUES (DEFAULT, 'BALLANGEN',0,0);
INSERT INTO municipality(id,municipality_name,longitude,latitude) VALUES (DEFAULT, 'RANA',0,0);
INSERT INTO municipality(id,municipality_name,longitude,latitude) VALUES (DEFAULT, 'HEMNES',0,0);
INSERT INTO municipality(id,municipality_name,longitude,latitude) VALUES (DEFAULT, 'VEFSN',0,0);
INSERT INTO municipality(id,municipality_name,longitude,latitude) VALUES (DEFAULT, 'GRANE',0,0);
INSERT INTO municipality(id,municipality_name,longitude,latitude) VALUES (DEFAULT, 'HATTFJELLDAL',0,0);
INSERT INTO municipality(id,municipality_name,longitude,latitude) VALUES (DEFAULT, 'NESNA',0,0);
INSERT INTO municipality(id,municipality_name,longitude,latitude) VALUES (DEFAULT, 'LURØY',0,0);
INSERT INTO municipality(id,municipality_name,longitude,latitude) VALUES (DEFAULT, 'TRÆNA',0,0);
INSERT INTO municipality(id,municipality_name,longitude,latitude) VALUES (DEFAULT, 'ALSTAHAUG',0,0);
INSERT INTO municipality(id,municipality_name,longitude,latitude) VALUES (DEFAULT, 'DØNNA',0,0);
INSERT INTO municipality(id,municipality_name,longitude,latitude) VALUES (DEFAULT, 'HERØY (NORDLAND)',0,0);
INSERT INTO municipality(id,municipality_name,longitude,latitude) VALUES (DEFAULT, 'VEVELSTAD',0,0);
INSERT INTO municipality(id,municipality_name,longitude,latitude) VALUES (DEFAULT, 'LEIRFJORD',0,0);
INSERT INTO municipality(id,municipality_name,longitude,latitude) VALUES (DEFAULT, 'BRØNNØY',0,0);
INSERT INTO municipality(id,municipality_name,longitude,latitude) VALUES (DEFAULT, 'SØMNA',0,0);
INSERT INTO municipality(id,municipality_name,longitude,latitude) VALUES (DEFAULT, 'VEGA',0,0);
INSERT INTO municipality(id,municipality_name,longitude,latitude) VALUES (DEFAULT, 'TROMSØ',0,0);
INSERT INTO municipality(id,municipality_name,longitude,latitude) VALUES (DEFAULT, 'BALSFJORD',0,0);
INSERT INTO municipality(id,municipality_name,longitude,latitude) VALUES (DEFAULT, 'STORFJORD',0,0);
INSERT INTO municipality(id,municipality_name,longitude,latitude) VALUES (DEFAULT, 'LYNGEN',0,0);
INSERT INTO municipality(id,municipality_name,longitude,latitude) VALUES (DEFAULT, 'KARLSØY',0,0);
INSERT INTO municipality(id,municipality_name,longitude,latitude) VALUES (DEFAULT, 'GÁIVUOTNA KÅFJORD',0,0);
INSERT INTO municipality(id,municipality_name,longitude,latitude) VALUES (DEFAULT, 'NORDREISA',0,0);
INSERT INTO municipality(id,municipality_name,longitude,latitude) VALUES (DEFAULT, 'KVÆNANGEN',0,0);
INSERT INTO municipality(id,municipality_name,longitude,latitude) VALUES (DEFAULT, 'SVALBARD',0,0);
INSERT INTO municipality(id,municipality_name,longitude,latitude) VALUES (DEFAULT, 'SKJERVØY',0,0);
INSERT INTO municipality(id,municipality_name,longitude,latitude) VALUES (DEFAULT, 'LOPPA',0,0);
INSERT INTO municipality(id,municipality_name,longitude,latitude) VALUES (DEFAULT, 'LENVIK',0,0);
INSERT INTO municipality(id,municipality_name,longitude,latitude) VALUES (DEFAULT, 'TRANØY',0,0);
INSERT INTO municipality(id,municipality_name,longitude,latitude) VALUES (DEFAULT, 'SØRREISA',0,0);
INSERT INTO municipality(id,municipality_name,longitude,latitude) VALUES (DEFAULT, 'DYRØY',0,0);
INSERT INTO municipality(id,municipality_name,longitude,latitude) VALUES (DEFAULT, 'MÅLSELV',0,0);
INSERT INTO municipality(id,municipality_name,longitude,latitude) VALUES (DEFAULT, 'SALANGEN',0,0);
INSERT INTO municipality(id,municipality_name,longitude,latitude) VALUES (DEFAULT, 'LAVANGEN',0,0);
INSERT INTO municipality(id,municipality_name,longitude,latitude) VALUES (DEFAULT, 'BARDU',0,0);
INSERT INTO municipality(id,municipality_name,longitude,latitude) VALUES (DEFAULT, 'TORSKEN',0,0);
INSERT INTO municipality(id,municipality_name,longitude,latitude) VALUES (DEFAULT, 'BERG',0,0);
INSERT INTO municipality(id,municipality_name,longitude,latitude) VALUES (DEFAULT, 'HARSTAD',0,0);
INSERT INTO municipality(id,municipality_name,longitude,latitude) VALUES (DEFAULT, 'TJELDSUND',0,0);
INSERT INTO municipality(id,municipality_name,longitude,latitude) VALUES (DEFAULT, 'SKÅNLAND',0,0);
INSERT INTO municipality(id,municipality_name,longitude,latitude) VALUES (DEFAULT, 'IBESTAD',0,0);
INSERT INTO municipality(id,municipality_name,longitude,latitude) VALUES (DEFAULT, 'GRATANGEN',0,0);
INSERT INTO municipality(id,municipality_name,longitude,latitude) VALUES (DEFAULT, 'ALTA',0,0);
INSERT INTO municipality(id,municipality_name,longitude,latitude) VALUES (DEFAULT, 'GUOVDAGEAIDNU KAUTOKEINO',0,0);
INSERT INTO municipality(id,municipality_name,longitude,latitude) VALUES (DEFAULT, 'HASVIK',0,0);
INSERT INTO municipality(id,municipality_name,longitude,latitude) VALUES (DEFAULT, 'HAMMERFEST',0,0);
INSERT INTO municipality(id,municipality_name,longitude,latitude) VALUES (DEFAULT, 'KVALSUND',0,0);
INSERT INTO municipality(id,municipality_name,longitude,latitude) VALUES (DEFAULT, 'MÅSØY',0,0);
INSERT INTO municipality(id,municipality_name,longitude,latitude) VALUES (DEFAULT, 'PORSANGER PORSÁNGU PORSANKI',0,0);
INSERT INTO municipality(id,municipality_name,longitude,latitude) VALUES (DEFAULT, 'LEBESBY',0,0);
INSERT INTO municipality(id,municipality_name,longitude,latitude) VALUES (DEFAULT, 'KARASJOHKA KARASJOK',0,0);
INSERT INTO municipality(id,municipality_name,longitude,latitude) VALUES (DEFAULT, 'NORDKAPP',0,0);
INSERT INTO municipality(id,municipality_name,longitude,latitude) VALUES (DEFAULT, 'GAMVIK',0,0);
INSERT INTO municipality(id,municipality_name,longitude,latitude) VALUES (DEFAULT, 'VADSØ',0,0);
INSERT INTO municipality(id,municipality_name,longitude,latitude) VALUES (DEFAULT, 'UNJARGGA NESSEBY',0,0);
INSERT INTO municipality(id,municipality_name,longitude,latitude) VALUES (DEFAULT, 'DEATNU TANA',0,0);
INSERT INTO municipality(id,municipality_name,longitude,latitude) VALUES (DEFAULT, 'SØR-VARANGER',0,0);
INSERT INTO municipality(id,municipality_name,longitude,latitude) VALUES (DEFAULT, 'VARDØ',0,0);
INSERT INTO municipality(id,municipality_name,longitude,latitude) VALUES (DEFAULT, 'BERLEVÅG',0,0);
INSERT INTO municipality(id,municipality_name,longitude,latitude) VALUES (DEFAULT, 'BÅTSFJORD',0,0);

INSERT INTO user_account (id, email, hash, municipality_id, category_id) VALUES (DEFAULT, 'mail@no', '183r9uqhuhufewji', 1, 1);
INSERT INTO user_account (id, email, hash, municipality_id, category_id) VALUES (DEFAULT, 'petter.hansen@mail.com','9asd8fasmAnEjksad21aid0',1,1);
INSERT INTO user_account (id, email, hash, municipality_id, category_id) VALUES (DEFAULT, 'kevin.halvarsson@mail.com','',2,3);
INSERT INTO user_account (id, email, hash, municipality_id, category_id) VALUES (DEFAULT, 'Morten.nyang@mail.com','9asd87gG7asd9a87g',3,2);
INSERT INTO user_account (id, email, hash, municipality_id, category_id) VALUES (DEFAULT, 'morten@nord.net', '$2a$10$nlhrfnQT8cxsYChPFu9Kre/NWZOmDHOfrlL8ERsXTMdlIXvDdyHP6', 1, 1);
INSERT INTO user_account (id, email, hash, municipality_id, category_id) VALUES (DEFAULT, 'sigurd.hynne@gmail.com', '$2a$10$7L50P4y90Hp62vkPc5IuHeq6tP4YphVaiy8sx3ZDSssmCE8yMullW', 1, 3);
INSERT INTO user_account (id, email, hash, municipality_id, category_id) VALUES (DEFAULT, 'kev@beans.com', '$2a$10$N3.TDWwfguqIBAoXqIJ9..f8J8YRQYm0cNG3a4AxYz8ED8Xf6Wyz.', 1, 1);
INSERT INTO user_account (id, email, hash, municipality_id, category_id) VALUES (DEFAULT, 'asfalt@test.no', '$2a$10$c6ZbWyqvi8TLfhC22ayfyesM3SHYVp9kIFkQEvif6JmGtO43g5HQi', 1, 4);
INSERT INTO user_account (id, email, hash, municipality_id, category_id) VALUES (DEFAULT, 'vegvesen@test.no', '$2a$10$7FKl.yboYHfscmbXK0jZC.W6CdotrkUnIrtjhunlK5EPonI2NF4iy', 1, 4);
INSERT INTO user_account (id, email, hash, municipality_id, category_id) VALUES (DEFAULT, 'energi@test.no', '$2a$10$xF9bVNuczcY5vQC4hw/kyefCYfc4UHozv5HEO.1kURPvtBcuam2X6', 1, 1);
INSERT INTO user_account (id, email, hash, municipality_id, category_id) VALUES (DEFAULT, 'olavjensen@gmail.com', '$2a$10$ZAxjrZWp.iG6Ex03n/fQtO57..Ko6vYcoGztdkdcdUoRL8Y2nJiEy', 1, 1);
INSERT INTO user_account (id, email, hash, municipality_id, category_id) VALUES (DEFAULT, 'kristiandahl@trondheimkommune.no', '$2a$10$ZAxjrZWp.iG6Ex03n/fQtO57..Ko6vYcoGztdkdcdUoRL8Y2nJiEy', 1, 3);
INSERT INTO user_account (id, email, hash, municipality_id, category_id) VALUES (DEFAULT, 'mortenfylling@gmail.com', '$2a$10$ZAxjrZWp.iG6Ex03n/fQtO57..Ko6vYcoGztdkdcdUoRL8Y2nJiEy', 1, 1);
INSERT INTO user_account (id, email, hash, municipality_id, category_id) VALUES (DEFAULT, 'fredrikjohnsen@tronderenergi.no', '$2a$10$ZAxjrZWp.iG6Ex03n/fQtO57..Ko6vYcoGztdkdcdUoRL8Y2nJiEy', 1, 4);
INSERT INTO user_account (id, email, hash, municipality_id, category_id) VALUES (DEFAULT, 'randijenssen@trondheimkommune.no', '$2a$10$ZAxjrZWp.iG6Ex03n/fQtO57..Ko6vYcoGztdkdcdUoRL8Y2nJiEy', 1, 3);
INSERT INTO user_account (id, email, hash, municipality_id, category_id) VALUES (DEFAULT, 'olegunnarsolskjaer@admin.com', '$2a$10$ZAxjrZWp.iG6Ex03n/fQtO57..Ko6vYcoGztdkdcdUoRL8Y2nJiEy', 1, 2);
INSERT INTO user_account (id, email, hash, municipality_id, category_id) VALUES (DEFAULT, 'frodebakken@hotmail.com', '$2a$10$ZAxjrZWp.iG6Ex03n/fQtO57..Ko6vYcoGztdkdcdUoRL8Y2nJiEy', 1, 1);
INSERT INTO user_account (id, email, hash, municipality_id, category_id) VALUES (DEFAULT, 'sindregunnarsen@gmail.com', '$2a$10$ZAxjrZWp.iG6Ex03n/fQtO57..Ko6vYcoGztdkdcdUoRL8Y2nJiEy', 1, 1);
INSERT INTO user_account (id, email, hash, municipality_id, category_id) VALUES (DEFAULT, 'frankolaveide@asfaltremix.com', '$2a$10$ZAxjrZWp.iG6Ex03n/fQtO57..Ko6vYcoGztdkdcdUoRL8Y2nJiEy', 1, 4);
INSERT INTO user_account (id, email, hash, municipality_id, category_id) VALUES (DEFAULT, 'ingarbillund@vegvesent.no', '$2a$10$ZAxjrZWp.iG6Ex03n/fQtO57..Ko6vYcoGztdkdcdUoRL8Y2nJiEy', 1, 4);
INSERT INTO user_account (id, email, hash, municipality_id, category_id) VALUES (DEFAULT, 'froydis42@yahoo.net', '$2a$10$ZAxjrZWp.iG6Ex03n/fQtO57..Ko6vYcoGztdkdcdUoRL8Y2nJiEy', 1, 1);
INSERT INTO user_account (id, email, hash, municipality_id, category_id) VALUES (DEFAULT, 'kommunal@test.no', '$2a$10$94DmvMXpPV4eMyMrO3eHbekq0tvKFZItR/cbPmnRhDS1STxIndx06', 1, 3);
INSERT INTO user_account (id, email, hash, municipality_id, category_id) VALUES (DEFAULT, 'bedrift@test.no', '$2a$10$vVgyDp6AiApiXPIo9TYEIOWPK1sccgmnsjA4P9Gdtl5NgAEeFHuUC', 1, 4);
INSERT INTO user_account (id, email, hash, municipality_id, category_id) VALUES (DEFAULT, 'privat@test.net', '$2a$10$I3sEL855WH1x3xtDmWV6T.IFSbA./CXcq8CrtfZrvTrPcGzQABTBS', 1, 1);
INSERT INTO user_account (id, email, hash, municipality_id, category_id) VALUES (DEFAULT, 'admin@test.no', '$2a$10$DRprJMhJjUzUTJdjBHUEW.q6SH3kTSQQHvyYQ/YAW2tBcCdB9.BkG', 1, 2);


INSERT INTO user_details (id, firstname, lastname, phone_number) VALUES (1, 'Petter','Hansen','92837465');
INSERT INTO user_details (id, firstname, lastname, phone_number) VALUES (2, 'Kevin','Halvarsson','41357855');
INSERT INTO user_details (id, firstname, lastname, phone_number) VALUES (3, 'Morten','Nyang','40041234');

INSERT INTO status (id,type) VALUES (DEFAULT,'Ubehandlet');
INSERT INTO status (id,type) VALUES (DEFAULT,'Registrert');
INSERT INTO status (id,type) VALUES (DEFAULT,'Under behandling');
INSERT INTO status (id,type) VALUES (DEFAULT,'Ferdig');

INSERT INTO issue_category (id,description, national) VALUES (DEFAULT,'Vei', DEFAULT);
INSERT INTO issue_category (id,description, national) VALUES (DEFAULT,'Trafikk', DEFAULT);
INSERT INTO issue_category (id,description, national) VALUES (DEFAULT,'Strøm', DEFAULT);
INSERT INTO issue_category (id,description, national) VALUES (DEFAULT,'Vinterdrift', DEFAULT);
INSERT INTO issue_category (id,description, national) VALUES (DEFAULT,'Grafitti/Tagging', DEFAULT);
INSERT INTO issue_category (id,description, national) VALUES (DEFAULT,'Herverk', TRUE);

INSERT INTO company (id,name,description) VALUES (DEFAULT,'Asfalt Remix AS','Fresing av asfalt og betong');
INSERT INTO company (id,name,description) VALUES (DEFAULT,'Vegvesenet','Trafikk og veisikkerhet');
INSERT INTO company (id,name,description) VALUES (DEFAULT,'TronderEnergi AS','Strøm og energi');

INSERT INTO issue (id,title,description,issue_date,longitude,latitude,picture_filename,issue_category_id,municipality_id,user_id, estimated_time, isEnabled) VALUES (DEFAULT,'Hull i asfalt','Stort hull i asfalten i Melhus veien',DEFAULT,0.10,40.129834,'filename.img',1,2,1,null,DEFAULT);
INSERT INTO issue (id,title,description,issue_date,longitude,latitude,picture_filename,issue_category_id,municipality_id,user_id, estimated_time, isEnabled) VALUES (DEFAULT,'Strøing','Glatt vei ved Kalvskinnet',DEFAULT,0.0,0.0,'filename2.img',4,1,2,null,DEFAULT);
INSERT INTO issue (id,title,description,issue_date,longitude,latitude,picture_filename,issue_category_id,municipality_id,user_id, estimated_time, isEnabled) VALUES (DEFAULT,'Søppel','Overfylt søppelkasse fører til søppel i veien',DEFAULT,0.102345,0.405123,'picture.img',1,3,3,null,DEFAULT);
INSERT INTO issue (id,title,description,issue_date,longitude,latitude,picture_filename,issue_category_id,municipality_id,user_id, estimated_time, isEnabled) VALUES (DEFAULT,'Grafitti','Det har blitt tagget et stort mannlig kjønnsorgan på veggen ved hovedinngangen ved Kattem Skole',DEFAULT,63.37579,10.34734,'grafitti.img',5,1,1,null,DEFAULT);
INSERT INTO issue (id,title,description,issue_date,longitude,latitude,picture_filename,issue_category_id,municipality_id,user_id, estimated_time, isEnabled) VALUES (DEFAULT,'Løs strømkabel','En løs strømkabel ligger over veien, og ser generelt farlig ut',DEFAULT,63.37580,10.34733,'powwow.img',3,1,1,null,DEFAULT);
INSERT INTO issue (id,title,description,issue_date,longitude,latitude,picture_filename,issue_category_id,municipality_id,user_id, estimated_time, isEnabled) VALUES (DEFAULT,'Mangler søppelposer','Hei, vi mangler slike røde søppelposer etter julen, og vi vil gjerne ha dette',DEFAULT,0.102345,0.405123, NULL,1,1,4,null,DEFAULT);
INSERT INTO issue (id,title,description,issue_date,longitude,latitude,picture_filename,issue_category_id,municipality_id,user_id, estimated_time, isEnabled) VALUES (DEFAULT,'Sprøytespisser på gangvei','Hei, det ligger sprøytespisser på gangveien ved barnehagen. Dette kan være farlig.',DEFAULT,0.102345,0.405123,'sproyte_spiss.img',1,1,9,null,DEFAULT);

INSERT INTO status_issue (id,status_id, issue_id, update_date) VALUES (DEFAULT,1, 1, NOW());
INSERT INTO status_issue (id,status_id, issue_id, update_date) VALUES (DEFAULT,2, 2, NOW());
INSERT INTO status_issue (id,status_id, issue_id, update_date) VALUES (DEFAULT,3, 3, NOW());

INSERT INTO progress_update (issue_id, updatemessage, update_date, user_id) VALUES (1, 'Kampen AS har registrert saken og er på vei for å tette hullet', NOW(), 9);
INSERT INTO progress_update (issue_id, updatemessage, update_date, user_id) VALUES (1, 'Kampen AS har tettet hullet', NOW(), 9);
INSERT INTO progress_update (issue_id, updatemessage, update_date, user_id) VALUES (2, 'Nordseth elektro jobber med å fikse trafikklysene', NOW(), 9);
INSERT INTO progress_update (issue_id, updatemessage, update_date, user_id) VALUES (3, 'Trenger en dag til for å fullføre oppdraget', NOW(), 9);

INSERT INTO issue_company (issue_id, company_id, update_date) VALUES (1, 1, DEFAULT);
INSERT INTO issue_company (issue_id, company_id, update_date) VALUES (2, 2, DEFAULT);
INSERT INTO issue_company (issue_id, company_id, update_date) VALUES (3, 1, DEFAULT);

INSERT INTO company_municipality (company_id, municipality_id) VALUES (1,4);
INSERT INTO company_municipality (company_id, municipality_id) VALUES (2,1);
INSERT INTO company_municipality (company_id, municipality_id) VALUES (3,4);
INSERT INTO company_municipality (company_id, municipality_id) VALUES (1,3);
INSERT INTO company_municipality (company_id, municipality_id) VALUES (1,5);

INSERT INTO company_user_account (company_id, user_account_id) 
VALUES (1, 5),
(2, 6),
(3, 7);

INSERT INTO event_category (id,description) VALUES (DEFAULT,'Kultur');
INSERT INTO event_category (id,description) VALUES (DEFAULT,'Konsert');
INSERT INTO event_category (id,description) VALUES (DEFAULT,'Sport');

INSERT INTO event (id,title,description,event_date,longitude,latitude,price,event_homepage,event_category_id,municipality_id,isEnabled)VALUES (DEFAULT,'Lys show på festningen','Fantastisk lys show på festningen for store å små',DEFAULT ,10,10,'500','facebook.com',1,1,DEFAULT);
INSERT INTO event (id,title,description,event_date,longitude,latitude,price,event_homepage,event_category_id,municipality_id,isEnabled)VALUES (DEFAULT,'DDE konsert','DDE kommer til Versktedhallen',DEFAULT ,10,10,'300','facebook.com/verkstedhallen',1,2,DEFAULT );
INSERT INTO event (id,title,description,event_date,longitude,latitude,price,event_homepage,event_category_id,municipality_id,isEnabled)VALUES (DEFAULT,'Karl Marx; kommunist?','Forfatteren av Det Kommunistiske Manifest er av mange regnet som kommunismens far, men Marx sa senere i livet at boken hadde blitt mistolket, og at han ikke sto for tolkningen. Dette foredraget skal spekulere i om Marx virkelig var kommunist. ',DEFAULT ,0,10,'Gratis','nkp.no',1,1,DEFAULT);
INSERT INTO event (id,title,description,event_date,longitude,latitude,price,event_homepage,event_category_id,municipality_id,isEnabled)VALUES (DEFAULT,'Pstereo 2019','Pstereo er tilbake med masse nye artister. Headlinere er The Beatles, Janis Joplin, CHVRCHES og The Arctic Monkeys',DEFAULT ,10,10,'2000','pstereo.no',2,1,DEFAULT);
INSERT INTO event (id,title,description,event_date,longitude,latitude,price,event_homepage,event_category_id,municipality_id,isEnabled)VALUES (DEFAULT,'RBK vs. RBK','RBKs gamle stjerner som kom til kvarten i Mesterligaen i 1996 møter dagens RBK',DEFAULT ,10,10,'899','rbk.no',3,1,DEFAULT);
INSERT INTO event (id,title,description,event_date,longitude,latitude,price,event_homepage,event_category_id,municipality_id,isEnabled)VALUES (DEFAULT,'Kristin Gjelsvik vs. Reklame','Bloggerstjernen Kristin Gjelsvik har i mange år stått alene mot andre bloggeres stadige reklamering uten å følge forskrifter uten å få følger. Hun kommer til Trondheim for å snakke om denne oppoverbakkekrigen',DEFAULT ,10,10,'99','kristingjelsvik.no',1,1,DEFAULT);

